<keymap version="1" name="Emacs copy" parent="Emacs">
  <action id="$Delete">
    <keyboard-shortcut first-keystroke="delete" />
  </action>
  <action id="$LRU">
    <keyboard-shortcut first-keystroke="ctrl o" />
  </action>
  <action id="$SelectAll">
    <keyboard-shortcut first-keystroke="ctrl a" />
  </action>
  <action id="$Undo">
    <keyboard-shortcut first-keystroke="shift ctrl minus" />
    <keyboard-shortcut first-keystroke="ctrl z" />
  </action>
  <action id="AutoIndentLines">
    <keyboard-shortcut first-keystroke="ctrl alt i" />
    <keyboard-shortcut first-keystroke="ctrl alt q" />
    <keyboard-shortcut first-keystroke="ctrl alt l" />
  </action>
  <action id="CloseAllEditors" />
  <action id="CloseContent">
    <keyboard-shortcut first-keystroke="ctrl f4" />
  </action>
  <action id="CompareTwoFiles" />
  <action id="Console.SplitLine" />
  <action id="Diff.NextChange">
    <keyboard-shortcut first-keystroke="alt right" />
  </action>
  <action id="Diff.PrevChange">
    <keyboard-shortcut first-keystroke="alt left" />
  </action>
  <action id="Diff.ShowDiff" />
  <action id="DomElementsTreeView.DeleteElement">
    <keyboard-shortcut first-keystroke="delete" />
  </action>
  <action id="Editor LRU">
    <keyboard-shortcut first-keystroke="ctrl o" />
  </action>
  <action id="Editor SelectAll">
    <keyboard-shortcut first-keystroke="ctrl a" />
  </action>
  <action id="Editor Undo">
    <keyboard-shortcut first-keystroke="ctrl z" />
  </action>
  <action id="EditorDeleteLine">
    <keyboard-shortcut first-keystroke="ctrl x" />
  </action>
  <action id="EditorDuplicate">
    <keyboard-shortcut first-keystroke="meta d" />
    <keyboard-shortcut first-keystroke="ctrl d" />
  </action>
  <action id="EditorLineStart">
    <keyboard-shortcut first-keystroke="home" />
    <keyboard-shortcut first-keystroke="alt m" />
  </action>
  <action id="EditorPageUp">
    <keyboard-shortcut first-keystroke="page_up" />
    <keyboard-shortcut first-keystroke="alt v" />
  </action>
  <action id="EditorSplitLine" />
  <action id="EditorSwapSelectionBoundaries" />
  <action id="FileChooser.GotoDesktop" />
  <action id="Find">
    <keyboard-shortcut first-keystroke="ctrl alt s" />
    <keyboard-shortcut first-keystroke="alt f3" />
  </action>
  <action id="FindPrevious">
    <keyboard-shortcut first-keystroke="shift f3" />
    <keyboard-shortcut first-keystroke="alt r" />
  </action>
  <action id="GotoFile" />
  <action id="GotoNextError">
    <keyboard-shortcut first-keystroke="f2" />
  </action>
  <action id="GotoNextIncompletePropertyAction">
    <keyboard-shortcut first-keystroke="f2" />
  </action>
  <action id="Images.Thumbnails.Hide">
    <keyboard-shortcut first-keystroke="ctrl f4" />
  </action>
  <action id="List-scrollUp">
    <keyboard-shortcut first-keystroke="page_up" />
    <keyboard-shortcut first-keystroke="alt v" />
  </action>
  <action id="NavBar-selectHome">
    <keyboard-shortcut first-keystroke="home" />
    <keyboard-shortcut first-keystroke="alt m" />
  </action>
  <action id="NextProjectWindow" />
  <action id="NextSplitter" />
  <action id="NextTab">
    <keyboard-shortcut first-keystroke="alt right" />
  </action>
  <action id="PreviousTab">
    <keyboard-shortcut first-keystroke="alt left" />
  </action>
  <action id="RearrangeCode">
    <keyboard-shortcut first-keystroke="shift ctrl l" />
  </action>
  <action id="Run">
    <keyboard-shortcut first-keystroke="shift f10" />
    <keyboard-shortcut first-keystroke="ctrl r" />
  </action>
  <action id="SaveAll">
    <keyboard-shortcut first-keystroke="ctrl s" />
  </action>
  <action id="SendEOF" />
  <action id="SplitHorizontally" />
  <action id="SplitVertically" />
  <action id="Switcher" />
  <action id="Table-scrollUpChangeSelection">
    <keyboard-shortcut first-keystroke="page_up" />
    <keyboard-shortcut first-keystroke="alt v" />
  </action>
  <action id="Terminal.NextSplitter" />
  <action id="UnsplitAll" />
</keymap>